{
    "references1": "<section class=\"ref1\"><ul><li><span class=\"number\">1.</span>Amyvid Summary of Product Characteristics, Eli Lilly and Company.</li></ul></section>",
	"references2":"<section class=\"ref2\"><ul><li><span class=\"number\">1.</span>Alzheimer’s Disease International. World Alzheimer Report 2012: overcoming the stigma of dementia. Available at http://www.alz.co.uk/research/WorldAlzheimerReport2012.pdf. Published September 2012.  [Accessed on February 8, 2013.]</li><li><span class=\"number\">2.</span>Forlenza OV, Diniz BS, Gattaz WF. Diagnosis and biomarkers of predementia in Alzheimer’s disease. <em>BMC Med</em>. 2010;8:89.</li></ul></section>",
	"references3":"<section class=\"ref3\"><ul><li class=\"3\"><span class=\"number\">3.</span>Alzheimer’s Society. Diagnosis and assessment. Reviewed February 2011. Available at http://www.alzheimers.org.uk/site/scripts/documents_info.php?documentID=260. [Accessed on February 8, 2013.]</li><li><span class=\"number\">4.</span>De Lepeleire J, Wind AW, Iliffe S, et al; and the Interdem Group. The primary care diagnosis of dementia in Europe: an analysis using multidisciplinary, multinational expert groups. <em>Aging Ment Health</em>. 2008;12(5):568–576.</li><li><span class=\"number\">5.</span>Alves L, Correia ASA, Miguel R, et al. Alzheimer’s disease: a clinical practice-oriented review. <em>Front Neurol</em>. 2012;3(63):1–20.</li><li><span class=\"number\">6.</span>National Health Service. Dementia–diagnosis. Reviewed August 21, 2012. Available at http://www.nhs.uk/conditions/dementia/pages/diagnosis.aspx. [Accessed on February 8, 2013].</li><li><span class=\"number\">7.</span>Alzheimer’s Society. Depression and anxiety. Reviewed February 2012. Available at http://www.alzheimers.org.uk/site/scripts/documents_info.php?documentID=139. [Accessed on February 8, 2013.]</li><li><span class=\"number\">8.</span>Cummings JL. The black book of Alzheimer’s disease, part 1. <em>Prim Psychiatry</em>. 2008;15(2):66–76.</li><li><span class=\"number\">9.</span>Alzheimer’s Society. Types of dementia. Available at http://www.alzheimers.org.uk/site/scripts/documents.php?categoryID=200362. [Accessed on February 8, 2013.]</li><li><span class=\"number double\">10.</span>Alzheimer’s Society. What is vascular dementia? Reviewed December 2011. Available at http://www.alzheimers.org.uk/site/scripts/documents_info.php?documentID=161. [Accessed on February 8, 2013.]</li><li><span class=\"number double\">11.</span>Alzheimer’s Society. Dementia 2012 infographic. Available at http://www.alzheimers.org.uk/infographic. [Accessed on February 8, 2013.]</li></ul></section>",
	"references4":"<section class=\"ref4\"><ul><li class=\"3\"><span class=\"number double\">12.</span>Marzanski M. Would you like to know what is wrong with you? On telling the truth to patients with dementia. <em>J Med Ethics</em>. 2000;26(2):108–113.</li><li><span class=\"number double\">13.</span>Elson P. Do older adults presenting with memory complaints wish to be told if later diagnosed with Alzheimer’s disease? <em>Int J Geriatr Psychiatry</em>. 2006;21(5):419–425.</li><li><span class=\"number double\">14.</span>Pinner G, Bouman WP. Attitudes of patients with mild dementia and their carers towards disclosure of the diagnosis. <em>Int Psychogeriatr</em>. 2003;15(3):279–288.</li><li><span class=\"number double\">15.</span>Smith A, King E, Hindley N, et al. The experience of research participation and the value of diagnosis in dementia: implications for practice. <em>J Ment Health</em>. 1998;7(3):309–321.</li><li><span class=\"number double\">16.</span>Alzheimer’s Disease International. World Alzheimer Report 2011: the benefits of early diagnosis and intervention. Available at http://www.alz.co.uk/research/WorldAlzheimerReport2011.pdf. Published September 2011. [Accessed on February 8, 2013.]</li><li><span class=\"number double\">17.</span>Waldemar G, Phung KTT, Burns A, et al; on behalf of the European Dementia Consensus Network (EDCON). Access to diagnostic evaluation and treatment for dementia in Europe. <em>Int J Geriatr Psychiatry</em>. 2007;22(1):47–54.</li><li><span class=\"number double\">18.</span>Getsios D, Blume S, Ishak KJ, et al. An economic evaluation of early assessment for Alzheimer’s disease in the United Kingdom. <em>Alzheimers Dement</em>. 2012;8(1):22–30.</li></ul></section>",
	"references5":"<section class=\"ref5\"><ul><li><span class=\"number double\">17.</span>Waldemar G, Phung KTT, Burns A, et al; on behalf of the European Dementia Consensus Network (EDCON). Access to diagnostic evaluation and treatment for dementia in Europe. <em>Int J Geriatr Psychiatry</em>. 2007;22(1):47–54.</li><li><span class=\"number double\">19.</span>Bond J, Stave C, Sganga A, et al. Inequalities in dementia care across Europe: key findings of the Facing Dementia Survey. <em>Int J Clin Pract</em>. 2005;59(suppl 146):8–14.</li><li><span class=\"number double\">20.</span>Data on file, Eli Lilly and Company, 2012.</li><li><span class=\"number double\">21.</span>Beach TG, Monsell SE, Phillips LE, et al. Accuracy of the clinical diagnosis of Alzheimer disease at National Institute on Aging Alzheimer disease centers, 2005-2010. <em>J Neuropathol Exp Neurol</em>. 2012;71(4):266–273.</li><li><span class=\"number double\">22.</span>Lim A, Tsuang D, Kukull W, et al. Clinico-neuropathological correlation of Alzheimer’s disease in a community-based case series. <em>J Am Geriatr Soc</em>. 1999;47(5):564–569.</li><li><span class=\"number double\">23.</span>Petrovitch H, White LR, Ross GW, et al. Accuracy of clinical criteria for AD in the Honolulu-Asia Aging Study, a population-based study. <em>Neurology</em>. 2001;57(2):226–234.</li></ul></section>",
	"references6":"<section class=\"ref6\"><ul><li><span class=\"number double\">24.</span>Hyman BT, Phelps CH, Beach TG, et al. National Institute on Aging—Alzheimer’s Association guidelines for the neuropathologic assessment of Alzheimer’s disease. <em>Alzheimers Dement</em>. 2012;8(1):1–13.</li><li><span class=\"number double\">25.</span>Haass C, Selkoe DJ. Soluble protein oligomers in neurodegeneration: lessons from the Alzheimer’s amyloid β-peptide. <em>Nat Rev Mol Cell Biol</em>. 2007;8(2):101–112.</li><li><span class=\"number double\">26.</span>McKhann G, Drachman D, Folstein M, et al. Clinical diagnosis of Alzheimer’s disease: report of the NINCDS-ADRDA Work Group under the auspices of Department of Health and Human Services Task Force on Alzheimer’s Disease. <em>Neurology</em>. 1984;34(7):939–944.</li><li><span class=\"number double\">27.</span>Dubois B, Feldman HH, Jacova C, et al. Research criteria for the diagnosis of Alzheimer’s disease: revising the NINCDS-ADRDA criteria. <em>Lancet Neurol</em>. 2007;6(8):734–746.</li><li><span class=\"number double\">28.</span>Jack CR Jr, Knopman DS, Jagust WJ, et al. Tracking pathophysiological processes in Alzheimer’s disease: an updated hypothetical model of dynamic biomarkers. <em>Lancet Neurol</em>. 2013;12(2):207–216.</li><li><span class=\"number double\">29.</span>Mirra SS, Heyman A, McKeel D, et al; and participating CERAD neuropathologists. The Consortium to Establish a Registry for Alzheimer’s Disease (CERAD). <em>Neurology</em>. 1991;41(4):479–486.</li><li><span class=\"number double\">30.</span>Amyvid Summary of Product Characteristics, Eli Lilly and Company.</li><li><span class=\"number double\">31.</span>Hyman BT, Phelps CH, Beach TG, et al. National Institute on Aging–Alzheimer’s Association guidelines for the neuropathologic assessment of Alzheimer’s disease. <em>Alzheimers Dement</em>. 2012;8(1):1–13.</li><li><span class=\"number double\">32.</span>Jack CR Jr, Albert MS, Knopman DS, et al. Introduction to the recommendations from the National Institute on Aging-Alzheimer’s Association workgroups on diagnostic guidelines for Alzheimer’s disease. <em>Alzheimers Dement</em>. 2011;7(3):257–262.</li><li><span class=\"number double\">33.</span>McKhann GM, Knopman DS, Chertkow H, et al. The diagnosis of dementia due to Alzheimer’s disease: recommendations from the National Institute on Aging-Alzheimer’s Association workgroups on diagnostic guidelines for Alzheimer’s disease. <em>Alzheimers Dement</em>. 2011;7(3):263–269.</li></ul></section>",
	"references7": "<section class=\"ref7\"><ul><li><span class=\"number\">2.</span>Clark CM, Pontecorvo MJ, Beach TG, et al; for the AV-45-A16 Study Group. Cerebral PET with florbetapir compared with neuropathology at autopsy for detection of neuritic amyloid-β plaques: a prospective cohort study. <em>Lancet Neurol</em>. 2012;11(8):669–678.</li></ul></section>",
	"references8": "<section class=\"ref8\"><ul><li><span class=\"number\">1.</span>Amyvid Summary of Product Characteristics, Eli Lilly and Company.</li><li><span class=\"number\">3.</span>Flucis Summary of Product Characteristics, CIS bio international; 2010.</li><li><span class=\"number\">4.</span>Gluscan Summary of Product Characteristics, Advanced Accelerator Applications; 2011.</li><li><span class=\"number\">5.</span>IASOdopa Summary of Product Characteristics, IASON GmbH; 2012.</li></ul></section>",
	"references9": "<section class=\"ref9\"><ul><li><span class=\"number\">1.</span>Amyvid Summary of Product Characteristics, Eli Lilly and Company.</li><li><span class=\"number\">6.</span>Alzheimer’s Society. Diagnosis and assessment. Reviewed February 2011. Available at http://www.alzheimers.org.uk/site/scripts/documents_info.php?documentID=260. [Accessed on February 8, 2013.]</li><li><span class=\"number\">7.</span>Alzheimer’s Research UK. All about dementia. Reviewed November 2012. Available at http://www.alzheimersresearchuk.org/siteFiles/resources/documents/ARUK_All_about_dementia.pdf. [Accessed on February 8, 2013.]</li><li><span class=\"number\">8.</span>Jack CR Jr, Albert MS, Knopman DS, et al. Introduction to the recommendations from the National Institute on Aging-Alzheimer’s Association workgroups on diagnostic guidelines for Alzheimer’s disease. <em>Alzheimers Dement</em>. 2011;7(3):257–262.</li><li><span class=\"number\">9.</span>McKhann GM, Knopman DS, Chertkow H, et al. The diagnosis of dementia due to Alzheimer’s disease: recommendations from the National Institute on Aging-Alzheimer’s Association workgroups on diagnostic guidelines for Alzheimer’s disease. <em>Alzheimers Dement</em>. 2011;7(3):263–269.</li></ul></section>",
	"references10": "<section class=\"ref10\"><ul><li><span class=\"number\">1.</span>Amyvid Summary of Product Characteristics, Eli Lilly and Company.</li><li><span class=\"number\">2.</span>Murphy MP, LeVine III H. Alzheimer’s disease and the β-amyloid peptide. <em>J Alzheimers Dis</em>. 2010;19(1):311–323.</li><li><span class=\"number\">3.</span>Westermark P. Amyloidosis and amyloid proteins: brief history and definitions. In: Sipe JD, ed. <em>Amyloid Proteins: The Beta Sheet Conformation and Disease</em>. 1st ed. Weinheim, Germany: Wiley-VCH Verlag GmbH & Co. KGaA; 2005:3–27.</li><li><span class=\"number\">4.</span>Jack CR Jr, Knopman DS, Jagust WJ, et al. Tracking pathophysiological processes in Alzheimer’s disease: an updated hypothetical model of dynamic biomarkers. <em>Lancet Neurol</em>. 2013;12(2):207–216.</li><li><span class=\"number\">5.</span>Mirra SS, Heyman A, McKeel D, et al; and participating CERAD neuropathologists. The Consortium to Establish a Registry for Alzheimer’s Disease (CERAD). <em>Neurology</em>. 1991;41(4):479–486.</li><li><span class=\"number\">6.</span>Hyman BT, Phelps, CH, Beach TG, et al. National Institute on Aging–Alzheimer’s Association guidelines for the neuropathologic assessment of Alzheimer’s disease. <em>Alzheimers Dement</em>. 2012;8(1):1–13.</li></ul></section>",
	"references11": "<section class=\"ref11\"><ul><li><span class=\"number\">1.</span>Amyvid Summary of Product Characteristics, Eli Lilly and Company.</li><li><span class=\"number\">2.</span>Alzheimer’s Society. Diagnosis and assessment. Reviewed February 2011. Available at http://www.alzheimers.org.uk/site/scripts/documents_info.php?documentID=260. [Accessed on February 8, 2013.]</li><li><span class=\"number\">3.</span>Alzheimer’s Research UK. All about dementia. Reviewed November 2012. Available at http://www.alzheimersresearchuk.org/siteFiles/resources/documents/ARUK_All_about_dementia.pdf. [Accessed on February 8, 2013.]</li></ul></section>",
	"clinical-study": "<section class=\"clinical-wrap\"><p class=\"small bold\">This clinical study assessed:</p> <h2 class=\"ft-25 white header\">SENSITIVITY AND SPECIFICITY OF A BINARY <br />VISUAL READ METHODOLOGY IN PATIENTS <br />WHO UNDERWENT AUTOPSY (TRUTH STANDARD)<sup>2</sup></h2><div class=\"column-left mg-r-20 fl_l\"><h2 class=\"ft-25 orange sub\">Design</h2><p class=\"small bold\">5 readers (trained in person)<br />Binary visual read methodology</p> </div><div class=\"column-right fl_r\"><h2 class=\"ft-25 orange sub\">Population</h2><p class=\"small bold\">59 terminally ill patients<sup >†</sup> who <br />received premortem Amyvid <br />scans and then underwent <br />autopsy to establish a truth <br />standard</p> </div><div class=\"footnote ft-10-normal\" ><sup class=\"hanging\">†</sup>Twenty-nine (29) patients had an AD clinical diagnosis, 13 had another type of dementing disorder, 12 had no history of cognitive impairment, and 5 had MCI.<sup class=\"x-small\">2<sup></div></section>",
	"science-moa-animation": "<p>NUVIGIL is the R-enantiomer of modafinil, which itself is a mixture of the R- and S-enantiomers. The R-enantiomer and S-enantiomer are mirror images of each other.</p><p>Both molecules of an enantiomer pair have the <strong>same chemical composition</strong>, but <strong>can have different characteristics</strong>.<sup>1,3</sup></p>",
	"support-clinical-trials2": "<p>Physicians who participated in this study reported that 79% of patients taking NUVIGIL experienced an improvement in overall clinical condition as related to sleepiness throughout their shift, <strong>including the commute to and from work</strong>. Fifty-nine percent of those taking placebo experienced this improvement.</p>",
	"phase-iv-safety-profile1": "In this Phase IV clinical trial, NUVIGIL improved patients' overall clinical condition late in the shift, including the commute home. The value was measured by the Clinical Global Impression of Change, or CGI-C, and &quot;late in the shift&quot; refers to the time period between 4 <span class=\"smallcap\">AM</span> and 8 <span class\"smallcap\">AM</span> in the study.<sup>1</sup> ",
	"phase-iv-safety-profile2": "Physicians who participated in this study reported that 77% of patients taking the recommended NUVIGIL dose of 150&nbsp;mg improved at final visit, compared with 57% of patients taking placebo—a significant improvement (<em>P</em>&lt;0.0001).<sup>1,2</sup>",
	"phase-iv1": "In this Phase IV clinical trial, NUVIGIL improved patients' overall clinical condition late in the shift, including the commute home. The value was measured by the Clinical Global Impression of Change, or CGI-C, and &quot;late in the shift&quot; refers to the time period between 4&nbsp;<span class=\"smallcap\">AM</span> and 8&nbsp;<span class=\"smallcap\">AM</span> in the study.<sup>1</sup> ",
	"phase-iv2": "Physicians who participated in this study reported that 77% of patients taking the recommended NUVIGIL dose of 150&nbsp;mg improved at final visit, compared with 57% of patients taking placebo—a significant improvement (<em>P</em>&lt;0.0001).<sup>1,2</sup>",
	"phase-iv3": "<p>In this Phase IV trial of more than 350 patients with excessive sleepiness associated with SWD, the most common adverse events (≥5%) were headache, nausea, and insomnia.<sup>1</sup></p><p>It should be noted that 4% of patients discontinued NUVIGIL due to adverse events.<sup>2</sup></p>",
	"clinical-trials": "In clinical trials of more than 1000 patients, the most common adverse events were headache, nausea, insomnia, and dizziness.</p><p>It is important to note that most adverse events, when they occurred, were considered to be mild to moderate in severity.",
	"special-populations": "<p>There are some recommended dosage adjustments for NUVIGIL in special population patients with SWD. Please review the recommended dosing of NUVIGIL.</p>",
	"dacon": "<p>The once-daily dosing recommendation for NUVIGIL is supported by real-world data. The daily average consumption (DACON) for NUVIGIL is 1.04 tablets.<sup>1</sup></p><p>That means that, on average, patients in the real world take about 1 tablet of NUVIGIL per day.</p>",
	"pk-profile1": "NUVIGIL achieved a 37% higher concentration (C<sub>max</sub>) and maintained a 69% greater area under the curve (AUC) over the 24-hour period.<sup>1</sup>",
	"pk-profile2": "In a clinical trial, investigators evaluated the pharmacokinetic profiles of NUVIGIL and modafinil over the course of 24&nbsp;hours in patients with excessive sleepiness (ES) associated with treated obstructive sleep apnea (OSA).<sup>1</sup></p><p>They compared a 200&nbsp;mg dose of NUVIGIL to a 200 mg dose of modafinil.",
	 "phase-iv-pie-chart": "The Phase IV clinical trial is, to date, the largest trial ever conducted in SWD—a 6-week, multicenter, randomized, placebo-controlled study of 383 patients with excessive sleepiness associated with SWD.<sup>1</sup>",
	 "sciencemoa": "<p>NUVIGIL is the R-enantiomer of modafinil, which itself is a mixture of the R- and S-enantiomers. The R-enantiomer and S-enantiomer are mirror images of each other.</p><p>Both molecules of an enantiomer pair have the <strong>same chemical composition</strong>, but <strong>can have different characteristics</strong>.<sup>1,3</sup></p>"
}




